"year","category","birthyear","gender","name"
"1901","peace","1822","M","Frédéric Passy"
"1909","peace","1829","M","Auguste Beernaert"
"1910","literature","1830","M","Paul Heyse"
"1904","literature","1830","M","Frédéric Mistral"
"1903","literature","1832","M","Bjørnstjerne Bjørnson"
"1907","peace","1833","M","Ernesto Moneta"
"1902","peace","1833","M","Élie Ducommun"
"1906","literature","1835","M","Giosuè Carducci"
"1908","peace","1837","M","Fredrik Bajer"
"1911","peace","1838","M","Tobias Asser"
"1901","literature","1839","M","Sully Prudhomme"
"1909","medicine","1841","M","Emil Kocher"
"1927","peace","1841","M","Ferdinand Buisson"
"1905","medicine","1843","M","Robert Koch"
"1906","medicine","1843","M","Camillo Golgi"
"1902","peace","1843","M","Charles Gobat"
"1908","peace","1844","M","Klas Arnoldson"
"1921","literature","1844","M","Anatole France"
"1912","peace","1845","M","Elihu Root"
"1908","physics","1845","M","Gabriel Lippmann"
"1919","literature","1845","M","Carl Spitteler"
"1907","medicine","1845","M","Charles Laveran"
"1901","physics","1845","M","Wilhelm Röntgen"
"1908","literature","1846","M","Rudolf Eucken"
"1905","literature","1846","M","Henryk Sienkiewicz"
"1910","chemistry","1847","M","Otto Wallach"
"1904","medicine","1849","M","Ivan Pavlov"
"1913","medicine","1850","M","Charles Richet"
"1909","physics","1850","M","Karl Braun"
"1920","peace","1851","M","Léon Bourgeois"
"1906","chemistry","1852","M","Henri Moissan"
"1907","physics","1852","M","Albert Michelson"
"1902","chemistry","1852","M","Hermann Fischer"
"1902","physics","1853","M","Hendrik Lorentz"
"1910","medicine","1853","M","Albrecht Kossel"
"1909","chemistry","1853","M","Wilhelm Ostwald"
"1908","medicine","1854","M","Paul Ehrlich"
"1925","literature","1856","M","George Shaw"
"1929","peace","1856","M","Frank Kellogg"
"1902","medicine","1857","M","Ronald Ross"
"1917","literature","1857","M","Henrik Pontoppidan"
"1927","medicine","1857","M","Julius Wagner-Jauregg"
"1917","literature","1857","M","Karl Gjellerup"
"1906","peace","1858","M","Theodore Roosevelt"
"1927","peace","1858","M","Ludwig Quidde"
"1909","literature","1858","F","Selma Lagerlöf"
"1918","physics","1858","M","Max Planck"
"1929","medicine","1858","M","Christiaan Eijkman"
"1927","literature","1859","M","Henri Bergson"
"1920","literature","1859","M","Knut Hamsun"
"1903","physics","1859","M","Pierre Curie"
"1903","chemistry","1859","M","Svante Arrhenius"
"1931","peace","1860","F","Jane Addams"
"1907","chemistry","1860","M","Eduard Buchner"
"1903","medicine","1860","M","Niels Finsen"
"1924","medicine","1860","M","Willem Einthoven"
"1922","peace","1861","M","Fridtjof Nansen"
"1913","literature","1861","M","Rabindranath Tagore"
"1920","physics","1861","M","Charles Guillaume"
"1926","peace","1862","M","Aristide Briand"
"1912","literature","1862","M","Gerhart Hauptmann"
"1911","medicine","1862","M","Allvar Gullstrand"
"1931","peace","1862","M","Nicholas Butler"
"1915","physics","1862","M","William Bragg"
"1934","peace","1863","M","Arthur Henderson"
"1931","literature","1864","M","Erik Karlfeldt"
"1911","peace","1864","M","Alfred Fried"
"1920","chemistry","1864","M","Walther Nernst"
"1911","physics","1864","M","Wilhelm Wien"
"1907","literature","1865","M","Rudyard Kipling"
"1929","chemistry","1865","M","Arthur Harden"
"1925","chemistry","1865","M","Richard Zsigmondy"
"1902","physics","1865","M","Pieter Zeeman"
"1925","peace","1865","M","Charles Dawes"
"1946","peace","1865","M","John Mott"
"1922","literature","1866","M","Jacinto Benavente"
"1933","medicine","1866","M","Thomas Morgan"
"1915","literature","1866","M","Romain Rolland"
"1913","chemistry","1866","M","Alfred Werner"
"1928","medicine","1866","M","Charles Nicolle"
"1946","peace","1867","F","Emily Balch"
"1934","literature","1867","M","Luigi Pirandello"
"1926","medicine","1867","M","Johannes Fibiger"
"1932","literature","1867","M","John Galsworthy"
"1914","chemistry","1868","M","Theodore Richards"
"1918","chemistry","1868","M","Fritz Haber"
"1923","physics","1868","M","Robert Millikan"
"1930","medicine","1868","M","Karl Landsteiner"
"1923","chemistry","1869","M","Fritz Pregl"
"1935","medicine","1869","M","Hans Spemann"
"1947","literature","1869","M","André Gide"
"1927","physics","1869","M","Charles Wilson"
"1921","peace","1869","M","Christian Lange"
"1933","literature","1870","M","Ivan Bunin"
"1919","medicine","1870","M","Jules Bordet"
"1926","physics","1870","M","Jean Perrin"
"1908","chemistry","1871","M","Ernest Rutherford"
"1926","literature","1871","F","Grazia Deledda"
"1912","chemistry","1871","M","Victor Grignard"
"1945","peace","1871","M","Cordell Hull"
"1915","chemistry","1872","M","Richard Willstätter"
"1944","literature","1873","M","Johannes Jensen"
"1936","medicine","1873","M","Otto Loewi"
"1912","medicine","1873","M","Alexis Carrel"
"1909","physics","1874","M","Guglielmo Marconi"
"1919","physics","1874","M","Johannes Stark"
"1931","chemistry","1874","M","Carl Bosch"
"1944","medicine","1874","M","Joseph Erlanger"
"1929","literature","1875","M","Thomas Mann"
"1952","peace","1875","M","Albert Schweitzer"
"1923","medicine","1876","M","John Macleod"
"1950","chemistry","1876","M","Otto Diels"
"1928","chemistry","1876","M","Adolf Windaus"
"1921","chemistry","1877","M","Frederick Soddy"
"1927","chemistry","1877","M","Heinrich Wieland"
"1922","chemistry","1877","M","Francis Aston"
"1946","literature","1877","M","Hermann Hesse"
"1917","physics","1877","M","Charles Barkla"
"1926","peace","1878","M","Gustav Stresemann"
"1934","medicine","1878","M","George Whipple"
"1951","peace","1879","M","Léon Jouhaux"
"1944","chemistry","1879","M","Otto Hahn"
"1928","physics","1879","M","Owen Richardson"
"1921","physics","1879","M","Albert Einstein"
"1953","peace","1880","M","George Marshall"
"1932","chemistry","1881","M","Irving Langmuir"
"1930","chemistry","1881","M","Hans Fischer"
"1956","literature","1881","M","Juan Jiménez"
"1949","medicine","1881","M","Walter Hess"
"1953","chemistry","1881","M","Hermann Staudinger"
"1937","physics","1881","M","Clinton Davisson"
"1946","physics","1882","M","Percy Bridgman"
"1928","literature","1882","F","Sigrid Undset"
"1925","physics","1882","M","James Franck"
"1954","physics","1882","M","Max Born"
"1931","medicine","1883","M","Otto Warburg"
"1936","physics","1883","M","Victor Hess"
"1931","chemistry","1884","M","Friedrich Bergius"
"1922","medicine","1884","M","Otto Meyerhof"
"1930","literature","1885","M","Sinclair Lewis"
"1934","medicine","1885","M","George Minot"
"1952","literature","1885","M","François Mauriac"
"1922","physics","1885","M","Niels Bohr"
"1950","medicine","1886","M","Edward Kendall"
"1922","medicine","1886","M","Archibald Hill"
"1933","physics","1887","M","Erwin Schrödinger"
"1925","physics","1887","M","Gustav Hertz"
"1946","chemistry","1887","M","James Sumner"
"1968","peace","1887","M","René Cassin"
"1947","medicine","1887","M","Bernardo Houssay"
"1960","literature","1887","M","Saint-John Perse"
"1936","literature","1888","M","Eugene O'Neill"
"1939","literature","1888","M","Frans Sillanpää"
"1953","physics","1888","M","Frits Zernike"
"1952","medicine","1888","M","Selman Waksman"
"1966","literature","1888","M","Shmuel Agnon"
"1944","medicine","1888","M","Herbert Gasser"
"1943","physics","1888","M","Otto Stern"
"1945","literature","1889","F","Gabriela Mistral"
"1937","chemistry","1889","M","Paul Karrer"
"1959","peace","1889","M","Philip Noel-Baker"
"1958","literature","1890","M","Boris Pasternak"
"1946","medicine","1890","M","Hermann Muller"
"1915","physics","1890","M","William Bragg"
"1923","medicine","1891","M","Frederick Banting"
"1935","physics","1891","M","James Chadwick"
"1946","chemistry","1891","M","John Northrop"
"1951","literature","1891","M","Pär Lagerkvist"
"1954","physics","1891","M","Walther Bothe"
"1966","literature","1891","F","Nelly Sachs"
"1938","literature","1892","F","Pearl Buck"
"1927","physics","1892","M","Arthur Compton"
"1937","physics","1892","M","George Thomson"
"1934","medicine","1892","M","William Murphy"
"1938","medicine","1892","M","Corneille Heymans"
"1934","chemistry","1893","M","Harold Urey"
"1943","medicine","1893","M","Edward Doisy"
"1978","physics","1894","M","Pyotr Kapitsa"
"1956","medicine","1895","M","Dickinson Richards"
"1943","medicine","1895","M","Henrik Dam"
"1945","chemistry","1895","M","Artturi Virtanen"
"1969","economics","1895","M","Ragnar Frisch"
"1939","medicine","1895","M","Gerhard Domagk"
"1956","medicine","1895","M","André Cournand"
"1958","physics","1895","M","Igor Tamm"
"1949","chemistry","1895","M","William Giauque"
"1975","literature","1896","M","Eugenio Montale"
"1950","medicine","1896","M","Philip Hench"
"1966","chemistry","1896","M","Robert Mulliken"
"1947","medicine","1896","M","Carl Cori"
"1935","chemistry","1897","F","Irène Joliot-Curie"
"1979","chemistry","1897","M","Georg Wittig"
"1948","physics","1897","M","Patrick Blackett"
"1967","chemistry","1897","M","Ronald Norrish"
"1954","medicine","1897","M","John Enders"
"1969","chemistry","1897","M","Odd Hassel"
"1950","medicine","1897","M","Tadeus Reichstein"
"1957","peace","1897","M","Lester Pearson"
"1949","literature","1897","M","William Faulkner"
"1944","physics","1898","M","Isidor Rabi"
"1974","economics","1898","M","Gunnar Myrdal"
"1960","peace","1898","M","Albert Lutuli"
"1977","literature","1898","M","Vicente Aleixandre"
"1963","chemistry","1898","M","Karl Ziegler"
"1954","literature","1899","M","Ernest Hemingway"
"1968","literature","1899","M","Yasunari Kawabata"
"1953","medicine","1899","M","Fritz Lipmann"
"1948","medicine","1899","M","Paul Müller"
"1967","literature","1899","M","Miguel Asturias"
"1974","medicine","1899","M","Albert Claude"
"1977","economics","1899","M","Bertil Ohlin"
"1951","medicine","1899","M","Max Theiler"
"1953","medicine","1900","M","Hans Krebs"
"1945","physics","1900","M","Wolfgang Pauli"
"1971","physics","1900","M","Dennis Gabor"
"1967","medicine","1900","M","Ragnar Granit"
"1938","chemistry","1900","M","Richard Kuhn"
"1974","literature","1900","M","Eyvind Johnson"
"1938","physics","1901","M","Enrico Fermi"
"1939","physics","1901","M","Ernest Lawrence"
"1971","economics","1901","M","Simon Kuznets"
"1984","literature","1901","M","Jaroslav Seifert"
"1954","chemistry","1901","M","Linus Pauling"
"1959","literature","1901","M","Salvatore Quasimodo"
"1966","medicine","1901","M","Charles Huggins"
"1932","physics","1901","M","Werner Heisenberg"
"1978","literature","1902","M","Isaac Singer"
"1963","physics","1902","M","Eugene Wigner"
"1979","economics","1902","M","Theodore Schultz"
"1955","literature","1902","M","Halldór Laxness"
"1933","physics","1902","M","Paul Dirac"
"1950","chemistry","1902","M","Kurt Alder"
"1983","medicine","1902","F","Barbara McClintock"
"1948","chemistry","1902","M","Arne Tiselius"
"1966","physics","1902","M","Alfred Kastler"
"1956","physics","1902","M","Walter Brattain"
"1982","peace","1902","F","Alva Myrdal"
"1965","medicine","1902","M","André Lwoff"
"1962","literature","1902","M","John Steinbeck"
"1951","physics","1903","M","Ernest Walton"
"1967","medicine","1903","M","Haldan Hartline"
"1973","medicine","1903","M","Konrad Lorenz"
"1968","chemistry","1903","M","Lars Onsager"
"1969","economics","1903","M","Jan Tinbergen"
"1950","peace","1903","M","Ralph Bunche"
"1980","medicine","1903","M","George Snell"
"1958","medicine","1903","M","George Beadle"
"1963","chemistry","1903","M","Giulio Natta"
"1939","chemistry","1903","M","Adolf Butenandt"
"1970","physics","1904","M","Louis Néel"
"1958","physics","1904","M","Pavel Cherenkov"
"1974","literature","1904","M","Harry Martinson"
"1972","economics","1904","M","John Hicks"
"1971","literature","1904","M","Pablo Neruda"
"1971","chemistry","1904","M","Gerhard Herzberg"
"1974","peace","1904","M","Seán MacBride"
"1987","chemistry","1904","M","Charles Pedersen"
"1946","chemistry","1904","M","Wendell Stanley"
"1956","medicine","1904","M","Werner Forssmann"
"1959","physics","1905","M","Emilio Segrè"
"1965","literature","1905","M","Mikhail Sholokhov"
"1959","medicine","1905","M","Severo Ochoa"
"1981","literature","1905","M","Elias Canetti"
"1988","medicine","1905","M","George Hitchings"
"1964","literature","1905","M","Jean-Paul Sartre"
"1952","physics","1905","M","Felix Bloch"
"1936","physics","1905","M","Carl Anderson"
"1961","peace","1905","M","Dag Hammarskjöld"
"1945","medicine","1906","M","Ernst Chain"
"1986","physics","1906","M","Ernst Ruska"
"1970","chemistry","1906","M","Luis Leloir"
"1967","physics","1906","M","Hans Bethe"
"1965","physics","1906","M","Sin-Itiro Tomonaga"
"1967","medicine","1906","M","George Wald"
"1975","chemistry","1906","M","Vladimir Prelog"
"1969","medicine","1906","M","Max Delbrück"
"1969","literature","1906","M","Samuel Beckett"
"1973","economics","1906","M","Wassily Leontief"
"1963","physics","1907","M","J. Jensen"
"1977","economics","1907","M","James Meade"
"1951","chemistry","1907","M","Edwin McMillan"
"1973","medicine","1907","M","Nikolaas Tinbergen"
"1949","physics","1907","M","Hideki Yukawa"
"1957","medicine","1907","M","Daniel Bovet"
"1970","physics","1908","M","Hannes Alfvén"
"1956","physics","1908","M","John Bardeen"
"1995","peace","1908","M","Joseph Rotblat"
"1969","medicine","1908","M","Alfred Hershey"
"1962","physics","1908","M","Lev Landau"
"1960","chemistry","1908","M","Willard Libby"
"1958","medicine","1909","M","Edward Tatum"
"1986","medicine","1909","F","Rita Levi-Montalcini"
"1965","medicine","1910","M","Jacques Monod"
"1975","economics","1910","M","Tjalling Koopmans"
"1974","chemistry","1910","M","Paul Flory"
"1964","chemistry","1910","F","Dorothy Hodgkin"
"1991","economics","1910","M","Ronald Coase"
"1952","chemistry","1910","M","Archer Martin"
"1956","physics","1910","M","William Shockley"
"1968","physics","1911","M","Luis Alvarez"
"1989","economics","1911","M","Trygve Haavelmo"
"1955","physics","1911","M","Polykarp Kusch"
"1982","economics","1911","M","George Stigler"
"1988","literature","1911","M","Naguib Mahfouz"
"1964","medicine","1911","M","Feodor Lynen"
"1988","economics","1911","M","Maurice Allais"
"1961","chemistry","1911","M","Melvin Calvin"
"1984","medicine","1911","M","Niels Jerne"
"1983","physics","1911","M","William Fowler"
"1983","literature","1911","M","William Golding"
"1972","chemistry","1911","M","William Stein"
"1973","literature","1912","M","Patrick White"
"1976","economics","1912","M","Milton Friedman"
"1979","chemistry","1912","M","Herbert Brown"
"1964","medicine","1912","M","Konrad Bloch"
"1952","physics","1912","M","Edward Purcell"
"1970","medicine","1912","M","Julius Axelrod"
"1974","medicine","1912","M","George Palade"
"1951","chemistry","1912","M","Glenn Seaborg"
"1975","economics","1912","M","Leonid Kantorovich"
"1969","medicine","1912","M","Salvador Luria"
"1989","physics","1913","M","Wolfgang Paul"
"1981","medicine","1913","M","Roger Sperry"
"1972","chemistry","1913","M","Stanford Moore"
"1957","literature","1913","M","Albert Camus"
"1984","economics","1913","M","Richard Stone"
"1978","peace","1913","M","Menachem Begin"
"1985","literature","1913","M","Claude Simon"
"1955","physics","1913","M","Willis Lamb"
"1971","peace","1913","M","Willy Brandt"
"1990","literature","1914","M","Octavio Paz"
"1975","medicine","1914","M","Renato Dulbecco"
"1963","medicine","1914","M","Alan Hodgkin"
"1952","chemistry","1914","M","Richard Synge"
"1962","chemistry","1914","M","Max Perutz"
"1970","peace","1914","M","Norman Borlaug"
"1996","economics","1914","M","William Vickrey"
"1954","medicine","1915","M","Thomas Weller"
"1970","economics","1915","M","Paul Samuelson"
"1960","medicine","1915","M","Peter Medawar"
"1983","chemistry","1915","M","Henry Taube"
"1961","physics","1915","M","Robert Hofstadter"
"1976","literature","1915","M","Saul Bellow"
"1964","physics","1915","M","Charles Townes"
"1994","physics","1915","M","Clifford Shull"
"1954","medicine","1916","M","Frederick Robbins"
"1978","economics","1916","M","Herbert Simon"
"1998","medicine","1916","M","Robert Furchgott"
"1982","medicine","1916","M","Sune Bergström"
"2003","physics","1916","M","Vitaly Ginzburg"
"1980","medicine","1916","M","Jean Dausset"
"1962","medicine","1916","M","Francis Crick"
"1962","medicine","1916","M","Maurice Wilkins"
"1972","chemistry","1916","M","Christian Anfinsen"
"1989","literature","1916","M","Camilo Cela"
"1972","medicine","1917","M","Rodney Porter"
"1972","literature","1917","M","Heinrich Böll"
"1985","chemistry","1917","M","Herbert Hauptman"
"1975","chemistry","1917","M","John Cornforth"
"1962","chemistry","1917","M","John Kendrew"
"1965","chemistry","1917","M","Robert Woodward"
"1963","medicine","1917","M","Andrew Huxley"
"2007","economics","1917","M","Leonid Hurwicz"
"1977","chemistry","1917","M","Ilya Prigogine"
"2001","chemistry","1917","M","William Knowles"
"1973","chemistry","1918","M","Ernst Fischer"
"1995","physics","1918","M","Frederick Reines"
"1958","chemistry","1918","M","Frederick Sanger"
"1997","chemistry","1918","M","Paul Boyer"
"1969","chemistry","1918","M","Derek Barton"
"1981","economics","1918","M","James Tobin"
"1995","medicine","1918","M","Edward Lewis"
"1992","medicine","1918","M","Edwin Krebs"
"1965","physics","1918","M","Julian Schwinger"
"1981","physics","1918","M","Kai Siegbahn"
"1959","medicine","1918","M","Arthur Kornberg"
"1970","literature","1918","M","Aleksandr Solzhenitsyn"
"1965","physics","1918","M","Richard Feynman"
"1988","medicine","1918","F","Gertrude Elion"
"1994","physics","1918","M","Bertram Brockhouse"
"1997","chemistry","1918","M","Jens Skou"
"1985","chemistry","1918","M","Jerome Karle"
"1985","economics","1918","M","Franco Modigliani"
"1993","peace","1918","M","Nelson Mandela"
"1981","chemistry","1918","M","Kenichi Fukui"
"1979","medicine","1919","M","Godfrey Hounsfield"
"1987","chemistry","1919","M","Donald Cram"
"2007","literature","1919","F","Doris Lessing"
"1990","medicine","1919","M","Joseph Murray"
"1976","chemistry","1919","M","William Lipscomb"
"1978","chemistry","1920","M","Peter Mitchell"
"1980","economics","1920","M","Lawrence Klein"
"1993","economics","1920","M","Douglass North"
"1990","medicine","1920","M","E. Thomas"
"1992","medicine","1920","M","Edmond Fischer"
"1994","economics","1920","M","John Harsanyi"
"1980","medicine","1920","M","Baruj Benacerraf"
"1959","physics","1920","M","Owen Chamberlain"
"1967","chemistry","1920","M","George Porter"
"1965","medicine","1920","M","François Jacob"
"1981","physics","1920","M","Nicolaas Bloembergen"
"1988","physics","1921","M","Jack Steinberger"
"2005","economics","1921","M","Thomas Schelling"
"2008","physics","1921","M","Yoichiro Nambu"
"1973","chemistry","1921","M","Geoffrey Wilkinson"
"1977","medicine","1921","F","Rosalyn Yalow"
"1981","physics","1921","M","Arthur Schawlow"
"1984","chemistry","1921","M","Robert Merrifield"
"1975","peace","1921","M","Andrei Sakharov"
"1972","economics","1921","M","Kenneth Arrow"
"1989","physics","1922","M","Hans Dehmelt"
"1994","peace","1922","M","Yitzhak Rabin"
"1968","medicine","1922","M","Har Khorana"
"1968","medicine","1922","M","Robert Holley"
"1988","physics","1922","M","Leon Lederman"
"1975","physics","1922","M","Aage Bohr"
"1998","literature","1922","M","José Saramago"
"2000","physics","1923","M","Jack Kilby"
"1992","chemistry","1923","M","Rudolph Marcus"
"1980","physics","1923","M","Val Fitch"
"1994","peace","1923","M","Shimon Peres"
"1973","peace","1923","M","Henry Kissinger"
"2000","medicine","1923","M","Arvid Carlsson"
"1977","physics","1923","M","Philip Anderson"
"1991","literature","1923","F","Nadine Gordimer"
"1998","chemistry","1923","M","Walter Kohn"
"2012","economics","1923","M","Lloyd Shapley"
"1990","economics","1923","M","Merton Miller"
"1977","medicine","1924","M","Roger Guillemin"
"1981","medicine","1924","M","Torsten Wiesel"
"1974","physics","1924","M","Antony Hewish"
"1987","economics","1924","M","Robert Solow"
"1992","physics","1924","M","Georges Charpak"
"2002","peace","1924","M","Jimmy Carter"
"1979","medicine","1924","M","Allan Cormack"
"2009","physics","1924","M","Willard Boyle"
"2000","medicine","1925","M","Paul Greengard"
"2005","physics","1925","M","Roy Glauber"
"1958","medicine","1925","M","Joshua Lederberg"
"1976","medicine","1925","M","Baruch Blumberg"
"2007","medicine","1925","M","Oliver Smithies"
"1973","physics","1925","M","Leo Esaki"
"1994","medicine","1925","M","Martin Rodbell"
"1998","chemistry","1925","M","John Pople"
"2000","peace","1925","M","Kim Dae-jung"
"2004","chemistry","1926","M","Irwin Rose"
"1980","chemistry","1926","M","Paul Berg"
"1960","physics","1926","M","Donald Glaser"
"1957","physics","1926","M","Tsung-Dao Lee"
"1990","physics","1926","M","Henry Kendall"
"1993","economics","1926","M","Robert Fogel"
"1997","literature","1926","M","Dario Fo"
"1981","medicine","1926","M","David Hubel"
"1975","physics","1926","M","Ben Mottelson"
"1977","medicine","1926","M","Andrew Schally"
"2002","physics","1926","M","Masatoshi Koshiba"
"1982","chemistry","1926","M","Aaron Klug"
"1979","physics","1926","M","Abdus Salam"
"1967","chemistry","1927","M","Manfred Eigen"
"1999","literature","1927","M","Günter Grass"
"1994","chemistry","1927","M","George Olah"
"1990","economics","1927","M","Harry Markowitz"
"1968","medicine","1927","M","Marshall Nirenberg"
"1987","physics","1927","M","K. Müller"
"2000","chemistry","1927","M","Alan MacDiarmid"
"2002","medicine","1927","M","Sydney Brenner"
"1984","medicine","1927","M","César Milstein"
"2002","economics","1927","M","Vernon Smith"
"1995","physics","1927","M","Martin Perl"
"1982","medicine","1927","M","John Vane"
"2000","physics","1928","M","Herbert Kroemer"
"1962","medicine","1928","M","James Watson"
"1990","chemistry","1928","M","Elias Corey"
"1986","peace","1928","M","Elie Wiesel"
"2008","chemistry","1928","M","Osamu Shimomura"
"2003","physics","1928","M","Alexei Abrikosov"
"1978","medicine","1928","M","Daniel Nathans"
"1973","physics","1929","M","Ivar Giaever"
"2000","medicine","1929","M","Eric Kandel"
"1994","peace","1929","M","Yasser Arafat"
"2003","medicine","1929","M","Paul Lauterbur"
"2013","physics","1929","M","Peter Higgs"
"1961","physics","1929","M","Rudolf Mössbauer"
"1990","physics","1929","M","Richard Taylor"
"1972","medicine","1929","M","Gerald Edelman"
"1969","physics","1929","M","Murray Gell-Mann"
"2002","literature","1929","M","Imre Kertész"
"1978","medicine","1929","M","Werner Arber"
"1986","chemistry","1929","M","John Polanyi"
"2005","chemistry","1930","M","Yves Chauvin"
"2000","physics","1930","M","Zhores Alferov"
"1992","economics","1930","M","Gary Becker"
"1992","literature","1930","M","Derek Walcott"
"2005","literature","1930","M","Harold Pinter"
"1994","economics","1930","M","Reinhard Selten"
"2005","economics","1930","M","Robert Aumann"
"2009","physics","1930","M","George Smith"
"1990","physics","1930","M","Jerome Friedman"
"1972","physics","1930","M","Leon Cooper"
"2013","chemistry","1930","M","Martin Karplus"
"1978","medicine","1931","M","Hamilton Smith"
"1984","peace","1931","M","Desmond Tutu"
"1990","peace","1931","M","Mikhail Gorbachev"
"2011","literature","1931","M","Tomas Tranströmer"
"1993","literature","1931","F","Toni Morrison"
"1980","physics","1931","M","James Cronin"
"2002","physics","1931","M","Riccardo Giacconi"
"2010","chemistry","1931","M","Richard Heck"
"1976","physics","1931","M","Burton Richter"
"2013","literature","1931","M","Alice Munro"
"1999","physics","1931","M","Martinus Veltman"
"1972","physics","1931","M","John Schrieffer"
"2008","medicine","1932","M","Luc Montagnier"
"1979","physics","1932","M","Sheldon Glashow"
"1986","chemistry","1932","M","Dudley Herschbach"
"2009","economics","1932","M","Oliver Williamson"
"1999","economics","1932","M","Robert Mundell"
"1980","chemistry","1932","M","Walter Gilbert"
"2013","physics","1932","M","François Englert"
"1988","physics","1932","M","Melvin Schwartz"
"2009","economics","1933","F","Elinor Ostrom"
"1995","chemistry","1933","M","Paul Crutzen"
"1979","physics","1933","M","Steven Weinberg"
"1986","physics","1933","M","Heinrich Rohrer"
"2006","economics","1933","M","Edmund Phelps"
"1978","physics","1933","M","Arno Penzias"
"1991","chemistry","1933","M","Richard Ernst"
"1998","economics","1933","M","Amartya Sen"
"1997","physics","1933","M","Claude Cohen-Tannoudji"
"2009","physics","1933","M","Charles Kao"
"1986","literature","1934","M","Wole Soyinka"
"2005","physics","1934","M","John Hall"
"2002","economics","1934","M","Daniel Kahneman"
"1982","medicine","1934","M","Bengt Samuelsson"
"1975","medicine","1934","M","Howard Temin"
"1984","physics","1934","M","Carlo Rubbia"
"1990","economics","1934","M","William Sharpe"
"2003","economics","1934","M","Clive Granger"
"2010","chemistry","1935","M","Ei-ichi Negishi"
"1989","medicine","1936","M","J. Bishop"
"1986","chemistry","1936","M","Yuan Lee"
"1999","medicine","1936","M","Günter Blobel"
"1996","economics","1936","M","James Mirrlees"
"2000","chemistry","1936","M","Alan Heeger"
"1978","physics","1936","M","Robert Wilson"
"2007","chemistry","1936","M","Gerhard Ertl"
"1998","medicine","1936","M","Ferid Murad"
"2000","chemistry","1936","M","Hideki Shirakawa"
"1976","physics","1936","M","Samuel Ting"
"1982","physics","1936","M","Kenneth Wilson"
"2007","medicine","1937","M","Mario Capecchi"
"1998","peace","1937","M","John Hume"
"2004","chemistry","1937","M","Avram Hershko"
"1981","chemistry","1937","M","Roald Hoffmann"
"1996","physics","1937","M","Robert Richardson"
"1988","chemistry","1937","M","Robert Huber"
"2000","economics","1937","M","Daniel McFadden"
"2008","peace","1937","M","Martti Ahtisaari"
"2001","peace","1938","M","Kofi Annan"
"2002","chemistry","1938","M","Kurt Wüthrich"
"2003","physics","1938","M","Anthony Leggett"
"2007","physics","1938","M","Albert Fert"
"1975","medicine","1938","M","David Baltimore"
"2013","economics","1939","M","Eugene Fama"
"2007","physics","1939","M","Peter Grünberg"
"1989","chemistry","1939","M","Sidney Altman"
"1989","medicine","1939","M","Harold Varmus"
"1987","medicine","1939","M","Susumu Tonegawa"
"1987","chemistry","1939","M","Jean-Marie Lehn"
"2001","medicine","1939","M","Leland Hartwell"
"1995","literature","1939","M","Seamus Heaney"
"2009","chemistry","1939","F","Ada Yonath"
"2010","economics","1939","M","Dale Mortensen"
"1998","physics","1939","M","Daniel Tsui"
"2009","chemistry","1940","M","Thomas Steitz"
"2000","literature","1940","M","Gao Xingjian"
"2001","economics","1940","M","George Akerlof"
"1996","medicine","1940","M","Peter Doherty"
"2010","economics","1940","M","Peter Diamond"
"2008","physics","1940","M","Toshihide Maskawa"
"2004","economics","1940","M","Edward Prescott"
"1985","medicine","1940","M","Joseph Goldstein"
"2013","chemistry","1940","M","Arieh Warshel"
"2006","peace","1940","M","Muhammad Yunus"
"1973","physics","1940","M","Brian Josephson"
"2004","peace","1940","F","Wangari Maathai"
"1987","literature","1940","M","Joseph Brodsky"
"2005","physics","1941","M","Theodor Hänsch"
"1998","medicine","1941","M","Louis Ignarro"
"1985","medicine","1941","M","Michael Brown"
"1997","chemistry","1941","M","John Walker"
"2011","medicine","1941","M","Jules Hoffmann"
"1994","medicine","1941","M","Alfred Gilman"
"2004","physics","1941","M","David Gross"
"1997","economics","1941","M","Myron Scholes"
"2011","chemistry","1941","M","Dan Shechtman"
"1997","medicine","1942","M","Stanley Prusiner"
"2005","chemistry","1942","M","Robert Grubbs"
"2005","peace","1942","M","Mohamed ElBaradei"
"1991","medicine","1942","M","Bert Sakmann"
"1995","medicine","1942","F","Christiane Nüsslein-Volhard"
"2011","economics","1942","M","Christopher Sims"
"2002","medicine","1942","M","John Sulston"
"2011","economics","1943","M","Thomas Sargent"
"2001","medicine","1943","M","Tim Hunt"
"1995","chemistry","1943","M","Mario Molina"
"1988","chemistry","1943","M","Johann Deisenhofer"
"2001","economics","1943","M","Joseph Stiglitz"
"2011","medicine","1943","M","Ralph Steinman"
"1993","medicine","1943","M","Richard Roberts"
"1996","chemistry","1943","M","Richard Smalley"
"2012","chemistry","1943","M","Robert Lefkowitz"
"2004","economics","1943","M","Finn Kydland"
"1991","medicine","1944","M","Erwin Neher"
"1996","medicine","1944","M","Rolf Zinkernagel"
"2012","physics","1944","M","Serge Haroche"
"2000","economics","1944","M","James Heckman"
"1993","medicine","1944","M","Phillip Sharp"
"1997","economics","1944","M","Robert Merton"
"2012","physics","1944","M","David Wineland"
"1998","peace","1944","M","David Trimble"
"1993","chemistry","1944","M","Kary Mullis"
"1996","physics","1945","M","Douglas Osheroff"
"2005","chemistry","1945","M","Richard Schrock"
"2006","physics","1945","M","George Smoot"
"2004","literature","1946","F","Elfriede Jelinek"
"2006","physics","1946","M","John Mather"
"2004","medicine","1946","M","Richard Axel"
"1984","medicine","1946","M","Georges Köhler"
"1999","chemistry","1946","M","Ahmed Zewail"
"1995","medicine","1947","M","Eric Wieschaus"
"1989","chemistry","1947","M","Thomas Cech"
"2002","medicine","1947","M","H. Horvitz"
"2006","chemistry","1947","M","Roger Kornberg"
"2013","chemistry","1947","M","Michael Levitt"
"2003","peace","1947","F","Shirin Ebadi"
"1986","physics","1947","M","Gerd Binnig"
"2004","medicine","1947","F","Linda Buck"
"2008","medicine","1947","F","Françoise Barré-Sinoussi"
"2008","chemistry","1947","M","Martin Chalfie"
"2004","chemistry","1947","M","Aaron Ciechanover"
"2009","medicine","1948","M","Elizabeth Blackburn"
"1997","physics","1948","M","Steven Chu"
"1988","chemistry","1948","M","Hartmut Michel"
"2013","medicine","1948","M","Randy Schekman"
"2010","economics","1948","M","Christopher Pissarides"
"1996","peace","1948","M","Carlos Belo"
"1997","physics","1948","M","William Phillips"
"2003","chemistry","1949","M","Peter Agre"
"1998","physics","1949","M","Horst Störmer"
"1996","peace","1949","M","José Ramos-Horta"
"2007","economics","1950","M","Eric Maskin"
"1993","physics","1950","M","Russell Hulse"
"2013","medicine","1950","M","James Rothman"
"1997","peace","1950","F","Jody Williams"
"1998","physics","1950","M","Robert Laughlin"
"2007","economics","1951","M","Roger Myerson"
"2005","medicine","1951","M","Barry Marshall"
"2012","economics","1951","M","Alvin Roth"
"2004","physics","1951","M","Frank Wilczek"
"2001","physics","1951","M","Carl Wieman"
"2009","medicine","1952","M","Jack Szostak"
"2008","chemistry","1952","M","Roger Tsien"
"2013","economics","1952","M","Lars Hansen"
"2006","literature","1952","M","Orhan Pamuk"
"2009","chemistry","1952","M","Venkatraman Ramakrishnan"
"2008","economics","1953","M","Paul Krugman"
"2009","literature","1953","F","Herta Müller"
"2013","medicine","1955","M","Thomas Südhof"
"2012","chemistry","1955","M","Brian Kobilka"
"2010","peace","1955","M","Liu Xiaobo"
"2003","chemistry","1956","M","Roderick MacKinnon"
"2001","physics","1957","M","Wolfgang Ketterle"
"2011","medicine","1957","M","Bruce Beutler"
"2010","physics","1958","M","Andre Geim"
"2002","chemistry","1959","M","Koichi Tanaka"
"2006","medicine","1959","M","Andrew Fire"
"2011","physics","1959","M","Saul Perlmutter"
"2006","medicine","1960","M","Craig Mello"
"2001","physics","1961","M","Eric Cornell"
"2009","peace","1961","M","Barack Obama"
"2009","medicine","1961","F","Carol Greider"
"2012","medicine","1962","M","Shinya Yamanaka"
"2011","physics","1967","M","Brian Schmidt"
"2011","physics","1969","M","Adam Riess"
"2011","peace","1972","M","Leymah Gbowee"
"2010","physics","1974","M","Konstantin Novoselov"
"2011","peace","1979","M","Tawakkol Karman"
